title,author,date
홍대오마카세맛집가성비 좋은 오사이초밥,바개림,어제
"홍대 맛집입맛 없을 땐 매운 음식이 최고, 낙곱새",GRACE's lov diary,2023.10.06.
홍대 맛집_ 목로관 (짚불로 초벌되어 나오는 홍대 고기집),반짝반짝 빛나는,2023.09.17.
홍대 맛집헤비스테이크 더 연남 점심 데이트,allegro con brio,2023.08.24.
홍대입구역 고기집 청기와타운홍대점. 서교동 갈비맛집...,그린백,어제
연남동 스테이크맛집홍대파스타 내돈내산 느루,NINA's Life Travel,2023.07.27.
홍대곱창맛집- 남도뽀글이 가성비 좋은홍대술집,Mrs 히메 - 카르페디엠,7일 전
홍대 맛집얼큰 개운 해장에 딱 시장 냉면,Rano의 멋대로 살아가기,어제
홍대 맛집상수 데이트하기 좋은 수상한 베이글 방문 후기,여울이랑,어제
홍대 맛집상수 맛집 하와이 조개 홍대점,여행 짜는 여자_토토,4일 전
홍대빵집 베이글이 유명한맛집수상한 베이글!,하루하루 뒹굴,2023.09.09.
홍대 맛집상수 카페 ‘수상한베이글’ (홍대베이글 맛집ㅇㅈ),"데이트 코치, 퐈!",3일 전
홍대참치 연남동 참치 오마카세맛집홍정기참치 레드스페셜 후기,Literature in Music and travel,3시간 전
[서울 마포구]홍대 맛집오코노미야끼 홍대 우와,사랑스런 일상 이야기❤️,어제
홍대초밥 데이트맛집: 참새초밥 하이볼 곁들여 주말 점심,"주님 안에서 숙성중인, 지구별 시골쥐",2일 전
"홍대 맛집ㅣ우물집 홍대점, 인스타 감성 넘치는 스키야키 맛집...",니유로그,6일 전
홍대맛집<영동감자탕>,새롱일기,2023.08.28.
"홍대입구텐동맛집[고쿠텐홍대점] 새우텐동에 카레,온천란 추가",먹는데 진심 고구마호박말랭이,2023.09.04.
홍대맛집남도뽀글이 홍대점. 내 인생 최고의 홍대곱창~,그린백,2023.09.29.
"합정 카페 추천 / 수상한베이글홍대, 서울 베이글맛집...",★ 이상하고 멋진 나라의 앨리스 :),2023.09.29.
홍대수제버거맛집사진찍기도 좋은 풀리너마이트 버거,잡다한 일기,2023.09.19.
홍대맛집이빠네마그릴 스테이크 홍대점 무한리필 슈하스코...,낚린이 비비수니's 희희낙낚,2023.09.21.
홍대입구역맛집아트몬스터홍대역점 수제맥주 브루어리,미쯔루의 맛있는 이야기,2023.09.18.
홍대 맛집합정 쌀국수 월남쌈도 맛있는 포36거리,친절한 안또의 일상 이야기,2023.09.15.
"연남동,홍대맛집미슐랭 태국요리 툭툭누들",B.log,2023.09.26.
홍대 맛집_ 탄탄면이 맛있는 수림식당,반짝반짝 빛나는,2023.09.12.
홍대카페맛집베이커리 맛있는 예쁜카페 공명,나미의 하루하루,2023.08.11.
[홍대 맛집/합정 일식]... 선정된 일본식 우동 맛집 : 홍대 현우동,Starry night:),2023.09.24.
홍대고기집 고기꾼 김춘배홍대점홍대점심 저녁맛집,둘에서 넷 넷에서 다섯,2023.09.07.
홍대 맛집마포곱창타운 독특한 양념곱창,정사장 부부 맛집투어,2023.09.08.
홍대오마카세맛집가성비 좋은 오사이초밥,바개림,어제
"홍대 맛집입맛 없을 땐 매운 음식이 최고, 낙곱새",GRACE's lov diary,2023.10.06.
홍대 맛집_ 목로관 (짚불로 초벌되어 나오는 홍대 고기집),반짝반짝 빛나는,2023.09.17.
홍대 맛집헤비스테이크 더 연남 점심 데이트,allegro con brio,2023.08.24.
홍대입구역 고기집 청기와타운홍대점. 서교동 갈비맛집...,그린백,어제
연남동 스테이크맛집홍대파스타 내돈내산 느루,NINA's Life Travel,2023.07.27.
홍대곱창맛집- 남도뽀글이 가성비 좋은홍대술집,Mrs 히메 - 카르페디엠,7일 전
홍대 맛집얼큰 개운 해장에 딱 시장 냉면,Rano의 멋대로 살아가기,어제
홍대 맛집상수 데이트하기 좋은 수상한 베이글 방문 후기,여울이랑,어제
홍대 맛집상수 맛집 하와이 조개 홍대점,여행 짜는 여자_토토,4일 전
홍대빵집 베이글이 유명한맛집수상한 베이글!,하루하루 뒹굴,2023.09.09.
홍대 맛집상수 카페 ‘수상한베이글’ (홍대베이글 맛집ㅇㅈ),"데이트 코치, 퐈!",3일 전
홍대참치 연남동 참치 오마카세맛집홍정기참치 레드스페셜 후기,Literature in Music and travel,3시간 전
[서울 마포구]홍대 맛집오코노미야끼 홍대 우와,사랑스런 일상 이야기❤️,어제
홍대초밥 데이트맛집: 참새초밥 하이볼 곁들여 주말 점심,"주님 안에서 숙성중인, 지구별 시골쥐",2일 전
"홍대 맛집ㅣ우물집 홍대점, 인스타 감성 넘치는 스키야키 맛집...",니유로그,6일 전
홍대맛집<영동감자탕>,새롱일기,2023.08.28.
"홍대입구텐동맛집[고쿠텐홍대점] 새우텐동에 카레,온천란 추가",먹는데 진심 고구마호박말랭이,2023.09.04.
홍대맛집남도뽀글이 홍대점. 내 인생 최고의 홍대곱창~,그린백,2023.09.29.
"합정 카페 추천 / 수상한베이글홍대, 서울 베이글맛집...",★ 이상하고 멋진 나라의 앨리스 :),2023.09.29.
홍대수제버거맛집사진찍기도 좋은 풀리너마이트 버거,잡다한 일기,2023.09.19.
홍대맛집이빠네마그릴 스테이크 홍대점 무한리필 슈하스코...,낚린이 비비수니's 희희낙낚,2023.09.21.
홍대입구역맛집아트몬스터홍대역점 수제맥주 브루어리,미쯔루의 맛있는 이야기,2023.09.18.
홍대 맛집합정 쌀국수 월남쌈도 맛있는 포36거리,친절한 안또의 일상 이야기,2023.09.15.
"연남동,홍대맛집미슐랭 태국요리 툭툭누들",B.log,2023.09.26.
홍대 맛집_ 탄탄면이 맛있는 수림식당,반짝반짝 빛나는,2023.09.12.
홍대카페맛집베이커리 맛있는 예쁜카페 공명,나미의 하루하루,2023.08.11.
[홍대 맛집/합정 일식]... 선정된 일본식 우동 맛집 : 홍대 현우동,Starry night:),2023.09.24.
홍대고기집 고기꾼 김춘배홍대점홍대점심 저녁맛집,둘에서 넷 넷에서 다섯,2023.09.07.
홍대 맛집마포곱창타운 독특한 양념곱창,정사장 부부 맛집투어,2023.09.08.
홍대오마카세맛집가성비 좋은 오사이초밥,바개림,어제
"홍대 맛집입맛 없을 땐 매운 음식이 최고, 낙곱새",GRACE's lov diary,2023.10.06.
홍대 맛집_ 목로관 (짚불로 초벌되어 나오는 홍대 고기집),반짝반짝 빛나는,2023.09.17.
홍대 맛집헤비스테이크 더 연남 점심 데이트,allegro con brio,2023.08.24.
홍대입구역 고기집 청기와타운홍대점. 서교동 갈비맛집...,그린백,어제
연남동 스테이크맛집홍대파스타 내돈내산 느루,NINA's Life Travel,2023.07.27.
홍대곱창맛집- 남도뽀글이 가성비 좋은홍대술집,Mrs 히메 - 카르페디엠,7일 전
홍대 맛집얼큰 개운 해장에 딱 시장 냉면,Rano의 멋대로 살아가기,어제
홍대 맛집상수 데이트하기 좋은 수상한 베이글 방문 후기,여울이랑,어제
홍대 맛집상수 맛집 하와이 조개 홍대점,여행 짜는 여자_토토,4일 전
홍대빵집 베이글이 유명한맛집수상한 베이글!,하루하루 뒹굴,2023.09.09.
홍대 맛집상수 카페 ‘수상한베이글’ (홍대베이글 맛집ㅇㅈ),"데이트 코치, 퐈!",3일 전
홍대참치 연남동 참치 오마카세맛집홍정기참치 레드스페셜 후기,Literature in Music and travel,3시간 전
[서울 마포구]홍대 맛집오코노미야끼 홍대 우와,사랑스런 일상 이야기❤️,어제
홍대초밥 데이트맛집: 참새초밥 하이볼 곁들여 주말 점심,"주님 안에서 숙성중인, 지구별 시골쥐",2일 전
"홍대 맛집ㅣ우물집 홍대점, 인스타 감성 넘치는 스키야키 맛집...",니유로그,6일 전
홍대맛집<영동감자탕>,새롱일기,2023.08.28.
"홍대입구텐동맛집[고쿠텐홍대점] 새우텐동에 카레,온천란 추가",먹는데 진심 고구마호박말랭이,2023.09.04.
홍대맛집남도뽀글이 홍대점. 내 인생 최고의 홍대곱창~,그린백,2023.09.29.
"합정 카페 추천 / 수상한베이글홍대, 서울 베이글맛집...",★ 이상하고 멋진 나라의 앨리스 :),2023.09.29.
홍대수제버거맛집사진찍기도 좋은 풀리너마이트 버거,잡다한 일기,2023.09.19.
홍대맛집이빠네마그릴 스테이크 홍대점 무한리필 슈하스코...,낚린이 비비수니's 희희낙낚,2023.09.21.
홍대입구역맛집아트몬스터홍대역점 수제맥주 브루어리,미쯔루의 맛있는 이야기,2023.09.18.
홍대 맛집합정 쌀국수 월남쌈도 맛있는 포36거리,친절한 안또의 일상 이야기,2023.09.15.
"연남동,홍대맛집미슐랭 태국요리 툭툭누들",B.log,2023.09.26.
홍대 맛집_ 탄탄면이 맛있는 수림식당,반짝반짝 빛나는,2023.09.12.
홍대카페맛집베이커리 맛있는 예쁜카페 공명,나미의 하루하루,2023.08.11.
[홍대 맛집/합정 일식]... 선정된 일본식 우동 맛집 : 홍대 현우동,Starry night:),2023.09.24.
홍대고기집 고기꾼 김춘배홍대점홍대점심 저녁맛집,둘에서 넷 넷에서 다섯,2023.09.07.
홍대 맛집마포곱창타운 독특한 양념곱창,정사장 부부 맛집투어,2023.09.08.
홍대오마카세맛집가성비 좋은 오사이초밥,바개림,어제
"홍대 맛집입맛 없을 땐 매운 음식이 최고, 낙곱새",GRACE's lov diary,2023.10.06.
홍대 맛집_ 목로관 (짚불로 초벌되어 나오는 홍대 고기집),반짝반짝 빛나는,2023.09.17.
홍대 맛집헤비스테이크 더 연남 점심 데이트,allegro con brio,2023.08.24.
홍대입구역 고기집 청기와타운홍대점. 서교동 갈비맛집...,그린백,어제
연남동 스테이크맛집홍대파스타 내돈내산 느루,NINA's Life Travel,2023.07.27.
홍대곱창맛집- 남도뽀글이 가성비 좋은홍대술집,Mrs 히메 - 카르페디엠,7일 전
홍대 맛집얼큰 개운 해장에 딱 시장 냉면,Rano의 멋대로 살아가기,어제
홍대 맛집상수 데이트하기 좋은 수상한 베이글 방문 후기,여울이랑,어제
홍대 맛집상수 맛집 하와이 조개 홍대점,여행 짜는 여자_토토,4일 전
홍대빵집 베이글이 유명한맛집수상한 베이글!,하루하루 뒹굴,2023.09.09.
홍대 맛집상수 카페 ‘수상한베이글’ (홍대베이글 맛집ㅇㅈ),"데이트 코치, 퐈!",3일 전
홍대참치 연남동 참치 오마카세맛집홍정기참치 레드스페셜 후기,Literature in Music and travel,3시간 전
[서울 마포구]홍대 맛집오코노미야끼 홍대 우와,사랑스런 일상 이야기❤️,어제
홍대초밥 데이트맛집: 참새초밥 하이볼 곁들여 주말 점심,"주님 안에서 숙성중인, 지구별 시골쥐",2일 전
"홍대 맛집ㅣ우물집 홍대점, 인스타 감성 넘치는 스키야키 맛집...",니유로그,6일 전
홍대맛집<영동감자탕>,새롱일기,2023.08.28.
"홍대입구텐동맛집[고쿠텐홍대점] 새우텐동에 카레,온천란 추가",먹는데 진심 고구마호박말랭이,2023.09.04.
홍대맛집남도뽀글이 홍대점. 내 인생 최고의 홍대곱창~,그린백,2023.09.29.
"합정 카페 추천 / 수상한베이글홍대, 서울 베이글맛집...",★ 이상하고 멋진 나라의 앨리스 :),2023.09.29.
홍대수제버거맛집사진찍기도 좋은 풀리너마이트 버거,잡다한 일기,2023.09.19.
홍대맛집이빠네마그릴 스테이크 홍대점 무한리필 슈하스코...,낚린이 비비수니's 희희낙낚,2023.09.21.
홍대입구역맛집아트몬스터홍대역점 수제맥주 브루어리,미쯔루의 맛있는 이야기,2023.09.18.
홍대 맛집합정 쌀국수 월남쌈도 맛있는 포36거리,친절한 안또의 일상 이야기,2023.09.15.
"연남동,홍대맛집미슐랭 태국요리 툭툭누들",B.log,2023.09.26.
홍대 맛집_ 탄탄면이 맛있는 수림식당,반짝반짝 빛나는,2023.09.12.
홍대카페맛집베이커리 맛있는 예쁜카페 공명,나미의 하루하루,2023.08.11.
[홍대 맛집/합정 일식]... 선정된 일본식 우동 맛집 : 홍대 현우동,Starry night:),2023.09.24.
홍대고기집 고기꾼 김춘배홍대점홍대점심 저녁맛집,둘에서 넷 넷에서 다섯,2023.09.07.
홍대 맛집마포곱창타운 독특한 양념곱창,정사장 부부 맛집투어,2023.09.08.
홍대오마카세맛집가성비 좋은 오사이초밥,바개림,어제
"홍대 맛집입맛 없을 땐 매운 음식이 최고, 낙곱새",GRACE's lov diary,2023.10.06.
홍대 맛집_ 목로관 (짚불로 초벌되어 나오는 홍대 고기집),반짝반짝 빛나는,2023.09.17.
홍대 맛집헤비스테이크 더 연남 점심 데이트,allegro con brio,2023.08.24.
홍대입구역 고기집 청기와타운홍대점. 서교동 갈비맛집...,그린백,어제
연남동 스테이크맛집홍대파스타 내돈내산 느루,NINA's Life Travel,2023.07.27.
홍대곱창맛집- 남도뽀글이 가성비 좋은홍대술집,Mrs 히메 - 카르페디엠,7일 전
홍대 맛집얼큰 개운 해장에 딱 시장 냉면,Rano의 멋대로 살아가기,어제
홍대 맛집상수 데이트하기 좋은 수상한 베이글 방문 후기,여울이랑,어제
홍대 맛집상수 맛집 하와이 조개 홍대점,여행 짜는 여자_토토,4일 전
홍대빵집 베이글이 유명한맛집수상한 베이글!,하루하루 뒹굴,2023.09.09.
홍대 맛집상수 카페 ‘수상한베이글’ (홍대베이글 맛집ㅇㅈ),"데이트 코치, 퐈!",3일 전
홍대참치 연남동 참치 오마카세맛집홍정기참치 레드스페셜 후기,Literature in Music and travel,3시간 전
[서울 마포구]홍대 맛집오코노미야끼 홍대 우와,사랑스런 일상 이야기❤️,어제
홍대초밥 데이트맛집: 참새초밥 하이볼 곁들여 주말 점심,"주님 안에서 숙성중인, 지구별 시골쥐",2일 전
"홍대 맛집ㅣ우물집 홍대점, 인스타 감성 넘치는 스키야키 맛집...",니유로그,6일 전
홍대맛집<영동감자탕>,새롱일기,2023.08.28.
"홍대입구텐동맛집[고쿠텐홍대점] 새우텐동에 카레,온천란 추가",먹는데 진심 고구마호박말랭이,2023.09.04.
홍대맛집남도뽀글이 홍대점. 내 인생 최고의 홍대곱창~,그린백,2023.09.29.
"합정 카페 추천 / 수상한베이글홍대, 서울 베이글맛집...",★ 이상하고 멋진 나라의 앨리스 :),2023.09.29.
홍대수제버거맛집사진찍기도 좋은 풀리너마이트 버거,잡다한 일기,2023.09.19.
홍대맛집이빠네마그릴 스테이크 홍대점 무한리필 슈하스코...,낚린이 비비수니's 희희낙낚,2023.09.21.
홍대입구역맛집아트몬스터홍대역점 수제맥주 브루어리,미쯔루의 맛있는 이야기,2023.09.18.
홍대 맛집합정 쌀국수 월남쌈도 맛있는 포36거리,친절한 안또의 일상 이야기,2023.09.15.
"연남동,홍대맛집미슐랭 태국요리 툭툭누들",B.log,2023.09.26.
홍대 맛집_ 탄탄면이 맛있는 수림식당,반짝반짝 빛나는,2023.09.12.
홍대카페맛집베이커리 맛있는 예쁜카페 공명,나미의 하루하루,2023.08.11.
[홍대 맛집/합정 일식]... 선정된 일본식 우동 맛집 : 홍대 현우동,Starry night:),2023.09.24.
홍대고기집 고기꾼 김춘배홍대점홍대점심 저녁맛집,둘에서 넷 넷에서 다섯,2023.09.07.
홍대 맛집마포곱창타운 독특한 양념곱창,정사장 부부 맛집투어,2023.09.08.
홍대오마카세맛집가성비 좋은 오사이초밥,바개림,어제
"홍대 맛집입맛 없을 땐 매운 음식이 최고, 낙곱새",GRACE's lov diary,2023.10.06.
홍대 맛집_ 목로관 (짚불로 초벌되어 나오는 홍대 고기집),반짝반짝 빛나는,2023.09.17.
홍대 맛집헤비스테이크 더 연남 점심 데이트,allegro con brio,2023.08.24.
홍대입구역 고기집 청기와타운홍대점. 서교동 갈비맛집...,그린백,어제
연남동 스테이크맛집홍대파스타 내돈내산 느루,NINA's Life Travel,2023.07.27.
홍대곱창맛집- 남도뽀글이 가성비 좋은홍대술집,Mrs 히메 - 카르페디엠,7일 전
홍대 맛집얼큰 개운 해장에 딱 시장 냉면,Rano의 멋대로 살아가기,어제
홍대 맛집상수 데이트하기 좋은 수상한 베이글 방문 후기,여울이랑,어제
홍대 맛집상수 맛집 하와이 조개 홍대점,여행 짜는 여자_토토,4일 전
홍대빵집 베이글이 유명한맛집수상한 베이글!,하루하루 뒹굴,2023.09.09.
홍대 맛집상수 카페 ‘수상한베이글’ (홍대베이글 맛집ㅇㅈ),"데이트 코치, 퐈!",3일 전
홍대참치 연남동 참치 오마카세맛집홍정기참치 레드스페셜 후기,Literature in Music and travel,3시간 전
[서울 마포구]홍대 맛집오코노미야끼 홍대 우와,사랑스런 일상 이야기❤️,어제
홍대초밥 데이트맛집: 참새초밥 하이볼 곁들여 주말 점심,"주님 안에서 숙성중인, 지구별 시골쥐",2일 전
"홍대 맛집ㅣ우물집 홍대점, 인스타 감성 넘치는 스키야키 맛집...",니유로그,6일 전
홍대맛집<영동감자탕>,새롱일기,2023.08.28.
"홍대입구텐동맛집[고쿠텐홍대점] 새우텐동에 카레,온천란 추가",먹는데 진심 고구마호박말랭이,2023.09.04.
홍대맛집남도뽀글이 홍대점. 내 인생 최고의 홍대곱창~,그린백,2023.09.29.
"합정 카페 추천 / 수상한베이글홍대, 서울 베이글맛집...",★ 이상하고 멋진 나라의 앨리스 :),2023.09.29.
홍대수제버거맛집사진찍기도 좋은 풀리너마이트 버거,잡다한 일기,2023.09.19.
홍대맛집이빠네마그릴 스테이크 홍대점 무한리필 슈하스코...,낚린이 비비수니's 희희낙낚,2023.09.21.
홍대입구역맛집아트몬스터홍대역점 수제맥주 브루어리,미쯔루의 맛있는 이야기,2023.09.18.
홍대 맛집합정 쌀국수 월남쌈도 맛있는 포36거리,친절한 안또의 일상 이야기,2023.09.15.
"연남동,홍대맛집미슐랭 태국요리 툭툭누들",B.log,2023.09.26.
홍대 맛집_ 탄탄면이 맛있는 수림식당,반짝반짝 빛나는,2023.09.12.
홍대카페맛집베이커리 맛있는 예쁜카페 공명,나미의 하루하루,2023.08.11.
[홍대 맛집/합정 일식]... 선정된 일본식 우동 맛집 : 홍대 현우동,Starry night:),2023.09.24.
홍대고기집 고기꾼 김춘배홍대점홍대점심 저녁맛집,둘에서 넷 넷에서 다섯,2023.09.07.
홍대 맛집마포곱창타운 독특한 양념곱창,정사장 부부 맛집투어,2023.09.08.
홍대오마카세맛집가성비 좋은 오사이초밥,바개림,어제
"홍대 맛집입맛 없을 땐 매운 음식이 최고, 낙곱새",GRACE's lov diary,2023.10.06.
홍대 맛집_ 목로관 (짚불로 초벌되어 나오는 홍대 고기집),반짝반짝 빛나는,2023.09.17.
홍대 맛집헤비스테이크 더 연남 점심 데이트,allegro con brio,2023.08.24.
홍대입구역 고기집 청기와타운홍대점. 서교동 갈비맛집...,그린백,어제
연남동 스테이크맛집홍대파스타 내돈내산 느루,NINA's Life Travel,2023.07.27.
홍대곱창맛집- 남도뽀글이 가성비 좋은홍대술집,Mrs 히메 - 카르페디엠,7일 전
홍대 맛집얼큰 개운 해장에 딱 시장 냉면,Rano의 멋대로 살아가기,어제
홍대 맛집상수 데이트하기 좋은 수상한 베이글 방문 후기,여울이랑,어제
홍대 맛집상수 맛집 하와이 조개 홍대점,여행 짜는 여자_토토,4일 전
홍대빵집 베이글이 유명한맛집수상한 베이글!,하루하루 뒹굴,2023.09.09.
홍대 맛집상수 카페 ‘수상한베이글’ (홍대베이글 맛집ㅇㅈ),"데이트 코치, 퐈!",3일 전
홍대참치 연남동 참치 오마카세맛집홍정기참치 레드스페셜 후기,Literature in Music and travel,3시간 전
[서울 마포구]홍대 맛집오코노미야끼 홍대 우와,사랑스런 일상 이야기❤️,어제
홍대초밥 데이트맛집: 참새초밥 하이볼 곁들여 주말 점심,"주님 안에서 숙성중인, 지구별 시골쥐",2일 전
"홍대 맛집ㅣ우물집 홍대점, 인스타 감성 넘치는 스키야키 맛집...",니유로그,6일 전
홍대맛집<영동감자탕>,새롱일기,2023.08.28.
"홍대입구텐동맛집[고쿠텐홍대점] 새우텐동에 카레,온천란 추가",먹는데 진심 고구마호박말랭이,2023.09.04.
홍대맛집남도뽀글이 홍대점. 내 인생 최고의 홍대곱창~,그린백,2023.09.29.
"합정 카페 추천 / 수상한베이글홍대, 서울 베이글맛집...",★ 이상하고 멋진 나라의 앨리스 :),2023.09.29.
홍대수제버거맛집사진찍기도 좋은 풀리너마이트 버거,잡다한 일기,2023.09.19.
홍대맛집이빠네마그릴 스테이크 홍대점 무한리필 슈하스코...,낚린이 비비수니's 희희낙낚,2023.09.21.
홍대입구역맛집아트몬스터홍대역점 수제맥주 브루어리,미쯔루의 맛있는 이야기,2023.09.18.
홍대 맛집합정 쌀국수 월남쌈도 맛있는 포36거리,친절한 안또의 일상 이야기,2023.09.15.
"연남동,홍대맛집미슐랭 태국요리 툭툭누들",B.log,2023.09.26.
홍대 맛집_ 탄탄면이 맛있는 수림식당,반짝반짝 빛나는,2023.09.12.
홍대카페맛집베이커리 맛있는 예쁜카페 공명,나미의 하루하루,2023.08.11.
[홍대 맛집/합정 일식]... 선정된 일본식 우동 맛집 : 홍대 현우동,Starry night:),2023.09.24.
홍대고기집 고기꾼 김춘배홍대점홍대점심 저녁맛집,둘에서 넷 넷에서 다섯,2023.09.07.
홍대 맛집마포곱창타운 독특한 양념곱창,정사장 부부 맛집투어,2023.09.08.
홍대오마카세맛집가성비 좋은 오사이초밥,바개림,어제
"홍대 맛집입맛 없을 땐 매운 음식이 최고, 낙곱새",GRACE's lov diary,2023.10.06.
홍대 맛집_ 목로관 (짚불로 초벌되어 나오는 홍대 고기집),반짝반짝 빛나는,2023.09.17.
홍대 맛집헤비스테이크 더 연남 점심 데이트,allegro con brio,2023.08.24.
홍대입구역 고기집 청기와타운홍대점. 서교동 갈비맛집...,그린백,어제
연남동 스테이크맛집홍대파스타 내돈내산 느루,NINA's Life Travel,2023.07.27.
홍대곱창맛집- 남도뽀글이 가성비 좋은홍대술집,Mrs 히메 - 카르페디엠,7일 전
홍대 맛집얼큰 개운 해장에 딱 시장 냉면,Rano의 멋대로 살아가기,어제
홍대 맛집상수 데이트하기 좋은 수상한 베이글 방문 후기,여울이랑,어제
홍대 맛집상수 맛집 하와이 조개 홍대점,여행 짜는 여자_토토,4일 전
홍대빵집 베이글이 유명한맛집수상한 베이글!,하루하루 뒹굴,2023.09.09.
홍대 맛집상수 카페 ‘수상한베이글’ (홍대베이글 맛집ㅇㅈ),"데이트 코치, 퐈!",3일 전
홍대참치 연남동 참치 오마카세맛집홍정기참치 레드스페셜 후기,Literature in Music and travel,3시간 전
[서울 마포구]홍대 맛집오코노미야끼 홍대 우와,사랑스런 일상 이야기❤️,어제
홍대초밥 데이트맛집: 참새초밥 하이볼 곁들여 주말 점심,"주님 안에서 숙성중인, 지구별 시골쥐",2일 전
"홍대 맛집ㅣ우물집 홍대점, 인스타 감성 넘치는 스키야키 맛집...",니유로그,6일 전
홍대맛집<영동감자탕>,새롱일기,2023.08.28.
"홍대입구텐동맛집[고쿠텐홍대점] 새우텐동에 카레,온천란 추가",먹는데 진심 고구마호박말랭이,2023.09.04.
홍대맛집남도뽀글이 홍대점. 내 인생 최고의 홍대곱창~,그린백,2023.09.29.
"합정 카페 추천 / 수상한베이글홍대, 서울 베이글맛집...",★ 이상하고 멋진 나라의 앨리스 :),2023.09.29.
홍대수제버거맛집사진찍기도 좋은 풀리너마이트 버거,잡다한 일기,2023.09.19.
홍대맛집이빠네마그릴 스테이크 홍대점 무한리필 슈하스코...,낚린이 비비수니's 희희낙낚,2023.09.21.
홍대입구역맛집아트몬스터홍대역점 수제맥주 브루어리,미쯔루의 맛있는 이야기,2023.09.18.
홍대 맛집합정 쌀국수 월남쌈도 맛있는 포36거리,친절한 안또의 일상 이야기,2023.09.15.
"연남동,홍대맛집미슐랭 태국요리 툭툭누들",B.log,2023.09.26.
홍대 맛집_ 탄탄면이 맛있는 수림식당,반짝반짝 빛나는,2023.09.12.
홍대카페맛집베이커리 맛있는 예쁜카페 공명,나미의 하루하루,2023.08.11.
[홍대 맛집/합정 일식]... 선정된 일본식 우동 맛집 : 홍대 현우동,Starry night:),2023.09.24.
홍대고기집 고기꾼 김춘배홍대점홍대점심 저녁맛집,둘에서 넷 넷에서 다섯,2023.09.07.
홍대 맛집마포곱창타운 독특한 양념곱창,정사장 부부 맛집투어,2023.09.08.
홍대오마카세맛집가성비 좋은 오사이초밥,바개림,어제
"홍대 맛집입맛 없을 땐 매운 음식이 최고, 낙곱새",GRACE's lov diary,2023.10.06.
홍대 맛집_ 목로관 (짚불로 초벌되어 나오는 홍대 고기집),반짝반짝 빛나는,2023.09.17.
홍대 맛집헤비스테이크 더 연남 점심 데이트,allegro con brio,2023.08.24.
홍대입구역 고기집 청기와타운홍대점. 서교동 갈비맛집...,그린백,어제
연남동 스테이크맛집홍대파스타 내돈내산 느루,NINA's Life Travel,2023.07.27.
홍대곱창맛집- 남도뽀글이 가성비 좋은홍대술집,Mrs 히메 - 카르페디엠,7일 전
홍대 맛집얼큰 개운 해장에 딱 시장 냉면,Rano의 멋대로 살아가기,어제
홍대 맛집상수 데이트하기 좋은 수상한 베이글 방문 후기,여울이랑,어제
홍대 맛집상수 맛집 하와이 조개 홍대점,여행 짜는 여자_토토,4일 전
홍대빵집 베이글이 유명한맛집수상한 베이글!,하루하루 뒹굴,2023.09.09.
홍대 맛집상수 카페 ‘수상한베이글’ (홍대베이글 맛집ㅇㅈ),"데이트 코치, 퐈!",3일 전
홍대참치 연남동 참치 오마카세맛집홍정기참치 레드스페셜 후기,Literature in Music and travel,3시간 전
[서울 마포구]홍대 맛집오코노미야끼 홍대 우와,사랑스런 일상 이야기❤️,어제
홍대초밥 데이트맛집: 참새초밥 하이볼 곁들여 주말 점심,"주님 안에서 숙성중인, 지구별 시골쥐",2일 전
"홍대 맛집ㅣ우물집 홍대점, 인스타 감성 넘치는 스키야키 맛집...",니유로그,6일 전
홍대맛집<영동감자탕>,새롱일기,2023.08.28.
"홍대입구텐동맛집[고쿠텐홍대점] 새우텐동에 카레,온천란 추가",먹는데 진심 고구마호박말랭이,2023.09.04.
홍대맛집남도뽀글이 홍대점. 내 인생 최고의 홍대곱창~,그린백,2023.09.29.
"합정 카페 추천 / 수상한베이글홍대, 서울 베이글맛집...",★ 이상하고 멋진 나라의 앨리스 :),2023.09.29.
홍대수제버거맛집사진찍기도 좋은 풀리너마이트 버거,잡다한 일기,2023.09.19.
홍대맛집이빠네마그릴 스테이크 홍대점 무한리필 슈하스코...,낚린이 비비수니's 희희낙낚,2023.09.21.
홍대입구역맛집아트몬스터홍대역점 수제맥주 브루어리,미쯔루의 맛있는 이야기,2023.09.18.
홍대 맛집합정 쌀국수 월남쌈도 맛있는 포36거리,친절한 안또의 일상 이야기,2023.09.15.
"연남동,홍대맛집미슐랭 태국요리 툭툭누들",B.log,2023.09.26.
홍대 맛집_ 탄탄면이 맛있는 수림식당,반짝반짝 빛나는,2023.09.12.
홍대카페맛집베이커리 맛있는 예쁜카페 공명,나미의 하루하루,2023.08.11.
[홍대 맛집/합정 일식]... 선정된 일본식 우동 맛집 : 홍대 현우동,Starry night:),2023.09.24.
홍대고기집 고기꾼 김춘배홍대점홍대점심 저녁맛집,둘에서 넷 넷에서 다섯,2023.09.07.
홍대 맛집마포곱창타운 독특한 양념곱창,정사장 부부 맛집투어,2023.09.08.
홍대오마카세맛집가성비 좋은 오사이초밥,바개림,어제
"홍대 맛집입맛 없을 땐 매운 음식이 최고, 낙곱새",GRACE's lov diary,2023.10.06.
홍대 맛집_ 목로관 (짚불로 초벌되어 나오는 홍대 고기집),반짝반짝 빛나는,2023.09.17.
홍대 맛집헤비스테이크 더 연남 점심 데이트,allegro con brio,2023.08.24.
홍대입구역 고기집 청기와타운홍대점. 서교동 갈비맛집...,그린백,어제
연남동 스테이크맛집홍대파스타 내돈내산 느루,NINA's Life Travel,2023.07.27.
홍대곱창맛집- 남도뽀글이 가성비 좋은홍대술집,Mrs 히메 - 카르페디엠,7일 전
홍대 맛집얼큰 개운 해장에 딱 시장 냉면,Rano의 멋대로 살아가기,어제
홍대 맛집상수 데이트하기 좋은 수상한 베이글 방문 후기,여울이랑,어제
홍대 맛집상수 맛집 하와이 조개 홍대점,여행 짜는 여자_토토,4일 전
홍대빵집 베이글이 유명한맛집수상한 베이글!,하루하루 뒹굴,2023.09.09.
홍대 맛집상수 카페 ‘수상한베이글’ (홍대베이글 맛집ㅇㅈ),"데이트 코치, 퐈!",3일 전
홍대참치 연남동 참치 오마카세맛집홍정기참치 레드스페셜 후기,Literature in Music and travel,3시간 전
[서울 마포구]홍대 맛집오코노미야끼 홍대 우와,사랑스런 일상 이야기❤️,어제
홍대초밥 데이트맛집: 참새초밥 하이볼 곁들여 주말 점심,"주님 안에서 숙성중인, 지구별 시골쥐",2일 전
"홍대 맛집ㅣ우물집 홍대점, 인스타 감성 넘치는 스키야키 맛집...",니유로그,6일 전
홍대맛집<영동감자탕>,새롱일기,2023.08.28.
"홍대입구텐동맛집[고쿠텐홍대점] 새우텐동에 카레,온천란 추가",먹는데 진심 고구마호박말랭이,2023.09.04.
홍대맛집남도뽀글이 홍대점. 내 인생 최고의 홍대곱창~,그린백,2023.09.29.
"합정 카페 추천 / 수상한베이글홍대, 서울 베이글맛집...",★ 이상하고 멋진 나라의 앨리스 :),2023.09.29.
홍대수제버거맛집사진찍기도 좋은 풀리너마이트 버거,잡다한 일기,2023.09.19.
홍대맛집이빠네마그릴 스테이크 홍대점 무한리필 슈하스코...,낚린이 비비수니's 희희낙낚,2023.09.21.
홍대입구역맛집아트몬스터홍대역점 수제맥주 브루어리,미쯔루의 맛있는 이야기,2023.09.18.
홍대 맛집합정 쌀국수 월남쌈도 맛있는 포36거리,친절한 안또의 일상 이야기,2023.09.15.
"연남동,홍대맛집미슐랭 태국요리 툭툭누들",B.log,2023.09.26.
홍대 맛집_ 탄탄면이 맛있는 수림식당,반짝반짝 빛나는,2023.09.12.
홍대카페맛집베이커리 맛있는 예쁜카페 공명,나미의 하루하루,2023.08.11.
[홍대 맛집/합정 일식]... 선정된 일본식 우동 맛집 : 홍대 현우동,Starry night:),2023.09.24.
홍대고기집 고기꾼 김춘배홍대점홍대점심 저녁맛집,둘에서 넷 넷에서 다섯,2023.09.07.
홍대 맛집마포곱창타운 독특한 양념곱창,정사장 부부 맛집투어,2023.09.08.
